2022-11-17 17:19:00.028112, 4.72447967529296875000, 0.00000000000000000000
2022-11-17 17:19:00.028112, 4.73980712890625000000, 0.00000000000000000000
2022-11-17 17:19:00.028112, 4.75514221191406250000, 0.00000000000000000000
2022-11-17 17:19:00.028112, 4.71170806884765625000, 0.00000000000000000000
2022-11-17 17:19:00.030179, 4.60694885253906250000, -2.41593003273010253906
2022-11-17 17:19:00.030179, 4.60950469970703125000, -2.29099130630493164062
2022-11-17 17:19:00.030179, 4.77558135986328125000, -1.97935390472412109375
2022-11-17 17:19:00.030179, 4.87522125244140625000, -1.88073956966400146484
2022-11-17 17:19:00.030179, 4.90332794189453125000, -1.62833797931671142578
2022-11-17 17:19:00.030179, 4.94165802001953125000, -1.55520665645599365234
2022-11-17 17:19:00.030179, 5.00553131103515625000, -1.34425091743469238281
2022-11-17 17:19:00.030179, 4.96209716796875000000, -1.28297150135040283203
2022-11-17 17:19:00.030179, 4.82923126220703125000, -1.10862958431243896484
2022-11-17 17:19:00.030179, 4.64527130126953125000, -1.05816841125488281250
2022-11-17 17:19:00.030179, 4.58139801025390625000, -0.91546380519866943359
2022-11-17 17:19:00.030179, 4.57118225097656250000, -0.87534010410308837891
2022-11-17 17:19:00.030179, 4.60439300537109375000, -0.75573843717575073242
2022-11-17 17:19:00.030179, 4.62483215332031250000, -0.72191339731216430664
2022-11-17 17:19:00.030179, 4.59417724609375000000, -0.62346738576889038086
2022-11-17 17:19:00.030179, 4.53540802001953125000, -0.59471487998962402344
2022-11-17 17:19:00.030179, 4.44087219238281250000, -0.51631867885589599609
2022-11-17 17:19:00.030179, 4.17515563964843750000, -0.49143671989440917969
2022-11-17 17:19:00.030179, 4.00907897949218750000, -0.42652726173400878906
2022-11-17 17:19:00.030179, 3.83023071289062500000, -0.40541967749595642090
2022-11-17 17:19:00.038183, 3.70503234863281250000, -0.35188138484954833984
2022-11-17 17:19:00.038183, 3.64115905761718750000, -0.33437988162040710449
2022-11-17 17:19:00.038183, 3.62838745117187500000, -0.28976064920425415039
2022-11-17 17:19:00.038183, 3.59005737304687500000, -0.27521610260009765625
2022-11-17 17:19:00.038183, 3.48019409179687500000, -0.23901104927062988281
2022-11-17 17:19:00.038183, 3.42143249511718750000, -0.22886595129966735840
2022-11-17 17:19:00.038183, 3.39076995849609375000, -0.19689202308654785156
2022-11-17 17:19:00.038183, 3.40099334716796875000, -0.18804511427879333496
2022-11-17 17:19:00.038183, 3.38310241699218750000, -0.16318719089031219482
2022-11-17 17:19:00.038183, 3.39332580566406250000, -0.15479704737663269043
2022-11-17 17:19:00.038183, 3.44698333740234375000, -0.13325671851634979248
2022-11-17 17:19:00.038183, 3.44953155517578125000, -0.12705425918102264404
2022-11-17 17:19:00.046288, 3.44953155517578125000, -0.10907193273305892944
2022-11-17 17:19:00.046288, 3.44187164306640625000, -0.10407149791717529297
2022-11-17 17:19:00.047285, 3.42909240722656250000, -0.09012798964977264404
2022-11-17 17:19:00.047819, 3.50063323974609375000, -0.08534391969442367554
2022-11-17 17:19:00.048817, 3.60539245605468750000, -0.07423719018697738647
2022-11-17 17:19:00.048817, 3.71781158447265625000, -0.06990989297628402710
2022-11-17 17:19:00.048817, 3.69481658935546875000, -0.06026963517069816589
2022-11-17 17:19:00.048817, 3.48019409179687500000, -0.05726456642150878906
2022-11-17 17:19:00.048817, 3.34222412109375000000, -0.04995624348521232605
2022-11-17 17:19:00.048817, 3.36521911621093750000, -0.04685501381754875183
2022-11-17 17:19:00.048817, 3.49297332763671875000, -0.04021982476115226746
2022-11-17 17:19:00.048817, 3.60028076171875000000, -0.03832062333822250366
2022-11-17 17:19:00.048817, 3.59005737304687500000, -0.03327210992574691772
2022-11-17 17:19:00.048817, 3.48786163330078125000, -0.03081997297704219818
2022-11-17 17:19:00.048817, 3.37544250488281250000, -0.02699752710759639740
2022-11-17 17:19:00.048817, 3.18125915527343750000, -0.02509832382202148438
2022-11-17 17:19:00.048817, 3.07395172119140625000, -0.02122779749333858490
2022-11-17 17:19:00.056875, 3.04073333740234375000, -0.02000172995030879974
2022-11-17 17:19:00.056875, 3.06372833251953125000, -0.01574655435979366302
2022-11-17 17:19:00.056875, 3.08416748046875000000, -0.01627544686198234558
2022-11-17 17:19:00.056875, 3.05861663818359375000, -0.01269340515136718750
2022-11-17 17:19:00.056875, 3.12760162353515625000, -0.01250108145177364349
2022-11-17 17:19:00.056875, 3.33455657958984375000, -0.01036147307604551315
2022-11-17 17:19:00.056875, 3.37544250488281250000, -0.00896712206304073334
2022-11-17 17:19:00.056875, 3.30134582519531250000, -0.00721216201782226562
2022-11-17 17:19:00.056875, 3.19914245605468750000, -0.00750064849853515625
2022-11-17 17:19:00.056875, 2.95897674560546875000, -0.00663518905639648438
2022-11-17 17:19:00.056875, 2.81333923339843750000, -0.00629862165078520775
2022-11-17 17:19:00.056875, 2.61405181884765625000, -0.00526487827301025391
2022-11-17 17:19:00.064876, 2.48118591308593750000, -0.00444750022143125534
2022-11-17 17:19:00.064876, 2.41731262207031250000, -0.00355800008401274681
2022-11-17 17:19:00.064876, 2.48374176025390625000, -0.00367820262908935547
2022-11-17 17:19:00.064876, 2.71624755859375000000, -0.00238001346588134766
2022-11-17 17:19:00.064876, 2.91809082031250000000, -0.00300506758503615856
2022-11-17 17:19:00.064876, 3.28856658935546875000, -0.00163475680164992809
2022-11-17 17:19:00.064876, 3.56450653076171875000, -0.00168283784296363592
2022-11-17 17:19:00.064876, 3.84300231933593750000, -0.00161071622278541327
2022-11-17 17:19:00.064876, 4.36933135986328125000, -0.00122606754302978516
2022-11-17 17:19:00.064876, 4.80879211425781250000, -0.00100970268249511719
2022-11-17 17:19:00.064876, 5.41944122314453125000, -0.00036060810089111328
2022-11-17 17:19:00.064876, 5.76181030273437500000, 0.00012020270514767617
2022-11-17 17:19:00.064876, 6.25492095947265625000, -0.00055293244076892734
2022-11-17 17:19:00.072871, 6.56663513183593750000, -0.00122606754302978516
2022-11-17 17:19:00.072871, 7.01886749267578125000, -0.00052889192011207342
2022-11-17 17:19:00.072871, 7.26159667968750000000, -0.00052889192011207342
2022-11-17 17:19:00.072871, 7.50942993164062500000, -0.00028848648071289062
2022-11-17 17:19:00.072871, 7.62696075439453125000, -0.00067313516046851873
2022-11-17 17:19:00.072871, 7.77514648437500000000, -0.00072121620178222656
2022-11-17 17:19:00.072871, 7.89778900146484375000, 0.00038464865065179765
2022-11-17 17:19:00.072871, 8.12262725830078125000, 0.00026444596005603671
2022-11-17 17:19:00.072871, 8.27848052978515625000, -0.00007212162017822266
2022-11-17 17:19:00.072871, 8.34236145019531250000, 0.00009616216266294941
2022-11-17 17:19:00.072871, 8.26826477050781250000, -0.00117798650171607733
2022-11-17 17:19:00.072871, 8.17372894287109375000, -0.00043272972106933594
2022-11-17 17:19:00.072871, 8.00765228271484375000, 0.00055293244076892734
2022-11-17 17:19:00.080871, 7.88501739501953125000, -0.00026444596005603671
2022-11-17 17:19:00.080871, 7.62440490722656250000, -0.00062505406094714999
2022-11-17 17:19:00.080871, 7.39189910888671875000, -0.00072121620178222656
2022-11-17 17:19:00.080871, 7.01631164550781250000, 0.00112990546040236950
2022-11-17 17:19:00.080871, 6.77870178222656250000, -0.00036060810089111328
2022-11-17 17:19:00.080871, 6.43377685546875000000, 0.00105778384022414684
2022-11-17 17:19:00.080871, 6.19104766845703125000, 0.00036060810089111328
2022-11-17 17:19:00.080871, 5.87167358398437500000, 0.00031252703047357500
2022-11-17 17:19:00.080871, 5.66727447509765625000, 0.00067313516046851873
2022-11-17 17:19:00.080871, 5.16138458251953125000, 0.00129818916320800781
2022-11-17 17:19:00.080871, 4.77558135986328125000, 0.00158667564392089844
2022-11-17 17:19:00.080871, 4.46386718750000000000, 0.00043272972106933594
2022-11-17 17:19:00.080871, 4.05506896972656250000, 0.00009616216266294941
2022-11-17 17:19:00.089335, 3.82767486572265625000, 0.00088950002100318670
2022-11-17 17:19:00.089335, 3.57217407226562500000, 0.00040868920041248202
2022-11-17 17:19:00.090333, 3.41887664794921875000, -0.00076929730130359530
2022-11-17 17:19:00.090333, 3.22980499267578125000, -0.00048081082059070468
2022-11-17 17:19:00.091329, 3.14804077148437500000, -0.00036060810089111328
2022-11-17 17:19:00.091329, 3.04073333740234375000, -0.00060101354029029608
2022-11-17 17:19:00.091329, 2.97430419921875000000, 0.00004808108133147471
2022-11-17 17:19:00.091329, 2.88232421875000000000, 0.00096162164118140936
2022-11-17 17:19:00.091329, 2.84655761718750000000, 0.00043272972106933594
2022-11-17 17:19:00.091329, 2.78523254394531250000, 0.00045677027083002031
2022-11-17 17:19:00.091329, 2.70603179931640625000, 0.00004808108133147471
2022-11-17 17:19:00.091329, 2.61149597167968750000, 0.00014424324035644531
2022-11-17 17:19:00.091329, 2.58850097656250000000, 0.00021636486053466797
2022-11-17 17:19:00.091329, 2.77501678466796875000, 0.00081737840082496405
2022-11-17 17:19:00.091329, 3.19403076171875000000, 0.00076929730130359530
2022-11-17 17:19:00.091329, 3.65138244628906250000, 0.00045677027083002031
2022-11-17 17:19:00.091329, 3.91965484619140625000, -0.00088950002100318670
2022-11-17 17:19:00.091329, 3.92476654052734375000, -0.00038464865065179765
2022-11-17 17:19:00.099418, 3.90177154541015625000, -0.00033656758023425937
2022-11-17 17:19:00.099418, 3.79190826416015625000, 0.00026444596005603671
2022-11-17 17:19:00.099418, 3.40099334716796875000, 0.00012020270514767617
2022-11-17 17:19:00.099418, 3.11994171142578125000, -0.00026444596005603671
2022-11-17 17:19:00.099418, 2.88232421875000000000, 0.00014424324035644531
2022-11-17 17:19:00.099418, 2.76734924316406250000, -0.00012020270514767617
2022-11-17 17:19:00.099418, 2.59616088867187500000, 0.00021636486053466797
2022-11-17 17:19:00.099418, 2.51184844970703125000, -0.00045677027083002031
2022-11-17 17:19:00.099418, 2.38665771484375000000, -0.00076929730130359530
2022-11-17 17:19:00.099418, 2.33044433593750000000, 0.00021636486053466797
2022-11-17 17:19:00.099418, 2.35088348388671875000, 0.00000000000000000000
2022-11-17 17:19:00.099418, 2.36621093750000000000, -0.00031252703047357500
2022-11-17 17:19:00.099418, 2.36366271972656250000, 0.00009616216266294941
2022-11-17 17:19:00.107553, 2.36876678466796875000, -0.00062505406094714999
2022-11-17 17:19:00.108549, 2.37132263183593750000, 0.00098566222004592419
2022-11-17 17:19:00.108549, 2.38154602050781250000, 0.00045677027083002031
2022-11-17 17:19:00.108549, 2.38410186767578125000, 0.00074525678064674139
2022-11-17 17:19:00.108549, 2.38920593261718750000, 0.00026444596005603671
2022-11-17 17:19:00.108549, 2.43009185791015625000, 0.00055293244076892734
2022-11-17 17:19:00.108549, 2.59361267089843750000, 0.00110586488153785467
2022-11-17 17:19:00.108549, 2.69325256347656250000, 0.00067313516046851873
2022-11-17 17:19:00.108549, 2.80311584472656250000, 0.00072121620178222656
2022-11-17 17:19:00.108549, 2.95386505126953125000, -0.00007212162017822266
2022-11-17 17:19:00.108549, 3.25535583496093750000, 0.00093758106231689453
2022-11-17 17:19:00.108549, 3.51851654052734375000, 0.00156263518147170544
2022-11-17 17:19:00.108549, 3.93242645263671875000, 0.00045677027083002031
2022-11-17 17:19:00.108549, 4.16493225097656250000, 0.00072121620178222656
2022-11-17 17:19:00.108549, 4.40254974365234375000, 0.00105778384022414684
2022-11-17 17:19:00.116600, 4.78324127197265625000, 0.00122606754302978516
2022-11-17 17:19:00.116600, 5.10517120361328125000, 0.00091354054166004062
2022-11-17 17:19:00.116600, 5.65705108642578125000, 0.00043272972106933594
2022-11-17 17:19:00.116600, 5.96365356445312500000, 0.00072121620178222656
2022-11-17 17:19:00.116600, 6.35968017578125000000, 0.00028848648071289062
2022-11-17 17:19:00.116600, 6.58196258544921875000, 0.00052889192011207342
2022-11-17 17:19:00.116600, 6.81191253662109375000, -0.00038464865065179765
2022-11-17 17:19:00.116600, 6.88345336914062500000, -0.00120202708058059216
2022-11-17 17:19:00.116600, 6.98821258544921875000, -0.00016828379011712968
2022-11-17 17:19:00.116600, 7.11084747314453125000, -0.00036060810089111328
2022-11-17 17:19:00.116600, 7.38678741455078125000, 0.00062505406094714999
2022-11-17 17:19:00.116600, 7.63462066650390625000, 0.00048081082059070468
2022-11-17 17:19:00.124598, 7.94122314453125000000, 0.00069717568112537265
2022-11-17 17:19:00.124598, 8.09963226318359375000, 0.00040868920041248202
2022-11-17 17:19:00.124598, 8.20949554443359375000, 0.00067313516046851873
2022-11-17 17:19:00.124598, 8.34236145019531250000, 0.00064909458160400391
2022-11-17 17:19:00.124598, 8.47266387939453125000, -0.00028848648071289062
2022-11-17 17:19:00.124598, 8.74349212646484375000, -0.00026444596005603671
2022-11-17 17:19:00.124598, 8.96067047119140625000, -0.00038464865065179765
2022-11-17 17:19:00.124598, 9.27237701416015625000, 0.00052889192011207342
2022-11-17 17:19:00.124598, 9.44867706298828125000, -0.00028848648071289062
2022-11-17 17:19:00.124598, 9.54576110839843750000, -0.00024040541029535234
2022-11-17 17:19:00.124598, 9.50999450683593750000, -0.00021636486053466797
2022-11-17 17:19:00.124598, 9.34391784667968750000, -0.00007212162017822266
2022-11-17 17:19:00.124598, 9.18039703369140625000, -0.00007212162017822266
2022-11-17 17:19:00.132599, 9.04753875732421875000, -0.00096162164118140936
2022-11-17 17:19:00.132599, 8.99643707275390625000, -0.00031252703047357500
2022-11-17 17:19:00.132599, 8.80992126464843750000, -0.00086545944213867188
2022-11-17 17:19:00.132599, 8.67706298828125000000, -0.00153859460260719061
2022-11-17 17:19:00.132599, 8.65406799316406250000, -0.00100970268249511719
2022-11-17 17:19:00.132599, 8.74604797363281250000, 0.00009616216266294941
2022-11-17 17:19:00.132599, 8.78692626953125000000, -0.00004808108133147471
2022-11-17 17:19:00.132599, 8.71028137207031250000, 0.00031252703047357500
2022-11-17 17:19:00.132599, 8.54420471191406250000, -0.00007212162017822266
2022-11-17 17:19:00.132599, 8.21971893310546875000, 0.00064909458160400391
2022-11-17 17:19:00.132599, 7.99232482910156250000, 0.00072121620178222656
2022-11-17 17:19:00.132599, 7.52731323242187500000, -0.00004808108133147471
2022-11-17 17:19:00.140743, 7.20027160644531250000, -0.00014424324035644531
2022-11-17 17:19:00.141740, 6.71482086181640625000, 0.00028848648071289062
2022-11-17 17:19:00.142397, 6.44399261474609375000, 0.00064909458160400391
2022-11-17 17:19:00.143391, 6.15528106689453125000, -0.00036060810089111328
2022-11-17 17:19:00.143391, 5.99431610107421875000, 0.00012020270514767617
2022-11-17 17:19:00.143391, 5.75414276123046875000, -0.00038464865065179765
2022-11-17 17:19:00.143391, 5.56252288818359375000, -0.00064909458160400391
2022-11-17 17:19:00.143391, 5.12306213378906250000, -0.00076929730130359530
2022-11-17 17:19:00.143391, 4.79602050781250000000, -0.00165879726409912109
2022-11-17 17:19:00.143391, 4.53285217285156250000, -0.00072121620178222656
2022-11-17 17:19:00.143391, 4.22625732421875000000, -0.00088950002100318670
2022-11-17 17:19:00.143391, 4.05762481689453125000, -0.00016828379011712968
2022-11-17 17:19:00.143391, 3.84811401367187500000, -0.00072121620178222656
2022-11-17 17:19:00.143391, 3.75102233886718750000, -0.00033656758023425937
2022-11-17 17:19:00.143391, 3.55429077148437500000, -0.00045677027083002031
2022-11-17 17:19:00.151518, 3.38310241699218750000, -0.00112990546040236950
2022-11-17 17:19:00.151643, 3.17103576660156250000, -0.00026444596005603671
2022-11-17 17:19:00.152626, 3.04840087890625000000, -0.00120202708058059216
2022-11-17 17:19:00.152626, 2.95130920410156250000, -0.00098566222004592419
2022-11-17 17:19:00.152626, 2.93598175048828125000, -0.00060101354029029608
2022-11-17 17:19:00.152626, 2.88232421875000000000, 0.00024040541029535234
2022-11-17 17:19:00.152626, 2.83889007568359375000, -0.00057697296142578125
2022-11-17 17:19:00.152626, 2.81078338623046875000, 0.00048081082059070468
2022-11-17 17:19:00.152626, 2.80311584472656250000, -0.00045677027083002031
2022-11-17 17:19:00.157126, 2.80056762695312500000, 0.00016828379011712968
2022-11-17 17:19:00.157126, 2.80311584472656250000, -0.00067313516046851873
2022-11-17 17:19:00.158125, 2.80567169189453125000, -0.00117798650171607733
2022-11-17 17:19:00.159123, 2.82866668701171875000, -0.00081737840082496405
2022-11-17 17:19:00.159123, 2.89254760742187500000, -0.00122606754302978516
2022-11-17 17:19:00.160471, 3.01262664794921875000, 0.00057697296142578125
2022-11-17 17:19:00.160471, 3.11227416992187500000, -0.00031252703047357500
2022-11-17 17:19:00.161468, 3.38054656982421875000, 0.00091354054166004062
2022-11-17 17:19:00.161468, 3.61049652099609375000, 0.00103374326135963202
2022-11-17 17:19:00.161468, 4.04485321044921875000, -0.00014424324035644531
2022-11-17 17:19:00.161468, 4.38211059570312500000, -0.00028848648071289062
2022-11-17 17:19:00.161468, 4.91866302490234375000, -0.00052889192011207342
2022-11-17 17:19:00.161468, 5.33001708984375000000, -0.00026444596005603671
2022-11-17 17:19:00.161468, 5.94065856933593750000, -0.00079333782196044922
2022-11-17 17:19:00.161468, 6.27536773681640625000, -0.00050485134124755859
2022-11-17 17:19:00.161468, 6.68672180175781250000, -0.00021636486053466797
2022-11-17 17:19:00.161468, 6.83235168457031250000, -0.00012020270514767617
2022-11-17 17:19:00.161468, 6.80425262451171875000, 0.00257233786396682262
2022-11-17 17:19:00.161468, 6.66372680664062500000, -0.00038464865065179765
2022-11-17 17:19:00.169520, 6.76592254638671875000, -0.00081737840082496405
2022-11-17 17:19:00.169641, 6.91156005859375000000, -0.00067313516046851873
2022-11-17 17:19:00.170637, 6.84513092041015625000, -0.00088950002100318670
2022-11-17 17:19:00.170637, 6.84513092041015625000, -0.00081737840082496405
2022-11-17 17:19:00.170637, 6.91156005859375000000, 0.01012106798589229584
2022-11-17 17:19:00.170637, 7.02397918701171875000, 0.01937667652964591980
2022-11-17 17:19:00.170637, 7.06485748291015625000, 0.02908905409276485443
2022-11-17 17:19:00.170637, 6.97032165527343750000, 0.02718985080718994141
2022-11-17 17:19:00.170637, 6.82979583740234375000, 0.02091526985168457031
2022-11-17 17:19:00.170637, 6.63817596435546875000, 0.02363185212016105652
2022-11-17 17:19:00.170637, 6.42099761962890625000, 0.02591570280492305756
2022-11-17 17:19:00.170637, 5.99942779541015625000, 0.02500216290354728699
2022-11-17 17:19:00.170637, 5.82312774658203125000, 0.01723706722259521484
2022-11-17 17:19:00.170637, 5.70815277099609375000, 0.01622736454010009766
2022-11-17 17:19:00.170637, 5.52163696289062500000, 0.01170774362981319427
2022-11-17 17:19:00.178713, 5.34023284912109375000, 0.01266936492174863815
2022-11-17 17:19:00.178713, 4.97998046875000000000, 0.00925560854375362396
2022-11-17 17:19:00.178713, 4.81901550292968750000, 0.00814974308013916016
2022-11-17 17:19:00.178713, 4.67337799072265625000, 0.00384648656472563744
2022-11-17 17:19:00.178713, 4.53796386718750000000, 0.00295698642730712891
2022-11-17 17:19:00.178713, 4.42043304443359375000, 0.00055293244076892734
2022-11-17 17:19:00.178713, 4.47920227050781250000, 0.00115394592285156250
2022-11-17 17:19:00.178713, 4.54051971435546875000, -0.00134627032093703747
2022-11-17 17:19:00.178713, 4.48686218261718750000, -0.00144243240356445312
2022-11-17 17:19:00.178713, 4.48175811767578125000, -0.00324547290802001953
2022-11-17 17:19:00.178713, 4.55584716796875000000, -0.00408689212054014206
2022-11-17 17:19:00.178713, 4.60439300537109375000, -0.00370224332436919212
2022-11-17 17:19:00.178713, 4.49452972412109375000, -0.00271658110432326794
2022-11-17 17:19:00.186713, 4.28757476806640625000, -0.00497639179229736328
2022-11-17 17:19:00.186713, 3.99886322021484375000, -0.00456770276650786400
2022-11-17 17:19:00.186713, 3.80979156494140625000, -0.00567356776446104050
2022-11-17 17:19:00.186713, 3.54406738281250000000, -0.00461578369140625000
2022-11-17 17:19:00.186713, 3.43164825439453125000, -0.00564952706918120384
2022-11-17 17:19:00.186713, 3.29878997802734375000, -0.00492831086739897728
2022-11-17 17:19:00.186713, 3.23491668701171875000, -0.00516871642321348190
2022-11-17 17:19:00.186713, 3.07395172119140625000, -0.00476002693176269531
2022-11-17 17:19:00.186713, 2.97941589355468750000, -0.00610629748553037643
2022-11-17 17:19:00.186713, 2.99729919433593750000, -0.00584185123443603516
2022-11-17 17:19:00.186713, 3.04840087890625000000, -0.00567356776446104050
2022-11-17 17:19:00.186713, 3.00241088867187500000, -0.00485618924722075462
2022-11-17 17:19:00.194718, 2.95897674560546875000, -0.00430325698107481003
2022-11-17 17:19:00.194718, 3.06372833251953125000, -0.00384648656472563744
2022-11-17 17:19:00.194718, 3.09183502197265625000, -0.00418305397033691406
2022-11-17 17:19:00.194718, 3.00496673583984375000, -0.00444750022143125534
2022-11-17 17:19:00.194718, 2.96919250488281250000, -0.00346183776855468750
2022-11-17 17:19:00.194718, 2.96663665771484375000, -0.00336567568592727184
2022-11-17 17:19:00.194718, 2.97174835205078125000, -0.00367820262908935547
2022-11-17 17:19:00.194718, 2.95642089843750000000, -0.00329355406574904919
2022-11-17 17:19:00.194718, 2.95642089843750000000, -0.00403881072998046875
2022-11-17 17:19:00.194718, 3.04840087890625000000, -0.00394264888018369675
2022-11-17 17:19:00.194718, 3.11738586425781250000, -0.00288486480712890625
2022-11-17 17:19:00.194718, 3.17359161376953125000, -0.00218768930062651634
2022-11-17 17:19:00.194718, 3.26301574707031250000, -0.00307718920521438122
2022-11-17 17:19:00.202714, 3.34222412109375000000, -0.00317335128784179688
2022-11-17 17:19:00.202714, 3.50574493408203125000, -0.00218768930062651634
2022-11-17 17:19:00.202714, 3.63604736328125000000, -0.00108182430267333984
2022-11-17 17:19:00.202714, 3.84044647216796875000, -0.00242809462361037731
2022-11-17 17:19:00.202714, 3.98352813720703125000, -0.00211556768044829369
2022-11-17 17:19:00.202714, 4.10617065429687500000, -0.00300506758503615856
2022-11-17 17:19:00.202714, 4.20581817626953125000, -0.00266849994659423828
2022-11-17 17:19:00.202714, 4.74747467041015625000, -0.00274062156677246094
2022-11-17 17:19:00.202714, 5.11795043945312500000, -0.00252425670623779297
2022-11-17 17:19:00.202714, 5.35301208496093750000, -0.00050485134124755859
2022-11-17 17:19:00.202714, 5.36322784423828125000, 0.00365416216664016247
2022-11-17 17:19:00.202714, 5.14350128173828125000, 0.00913540553301572800
2022-11-17 17:19:00.202714, 4.95187377929687500000, 0.00952005386352539062
2022-11-17 17:19:00.210715, 4.70659637451171875000, 0.01161158084869384766
2022-11-17 17:19:00.210715, 4.52263641357421875000, 0.01264532469213008881
2022-11-17 17:19:00.210715, 4.32589721679687500000, 0.01170774362981319427
2022-11-17 17:19:00.210715, 3.96053314208984375000, 0.01161158084869384766
2022-11-17 17:19:00.210715, 3.73058319091796875000, 0.00952005386352539062
2022-11-17 17:19:00.210715, 3.46742248535156250000, 0.00961621664464473724
2022-11-17 17:19:00.210715, 3.31667327880859375000, 0.00805358123034238815
2022-11-17 17:19:00.215250, 3.11994171142578125000, 0.00817378424108028412
2022-11-17 17:19:00.216245, 2.98707580566406250000, 0.00716408109292387962
2022-11-17 17:19:00.216245, 2.84400177001953125000, 0.00668327044695615768
2022-11-17 17:19:00.217243, 2.86444091796875000000, 0.00536104058846831322
2022-11-17 17:19:00.217243, 2.93598175048828125000, 0.00509659480303525925
2022-11-17 17:19:00.217243, 2.94108581542968750000, 0.00418305397033691406
2022-11-17 17:19:00.217243, 2.92831420898437500000, 0.00413497304543852806
2022-11-17 17:19:00.217243, 2.92831420898437500000, 0.00305314874276518822
2022-11-17 17:19:00.217243, 2.96408081054687500000, 0.00324547290802001953
2022-11-17 17:19:00.217243, 2.96663665771484375000, 0.00283678388223052025
2022-11-17 17:19:00.217243, 2.94108581542968750000, 0.00189920270349830389
2022-11-17 17:19:00.217243, 2.94364166259765625000, 0.00165879726409912109
2022-11-17 17:19:00.217243, 2.95897674560546875000, 0.00216364860534667969
2022-11-17 17:19:00.217243, 2.94619750976562500000, 0.00137031078338623047
2022-11-17 17:19:00.217243, 2.96663665771484375000, 0.00098566222004592419
2022-11-17 17:19:00.217243, 3.10205078125000000000, 0.00060101354029029608
2022-11-17 17:19:00.225252, 3.23491668701171875000, 0.00091354054166004062
2022-11-17 17:19:00.225252, 3.46486663818359375000, 0.00048081082059070468
2022-11-17 17:19:00.225252, 3.60794830322265625000, 0.00110586488153785467
2022-11-17 17:19:00.225252, 3.80979156494140625000, -0.00074525678064674139
2022-11-17 17:19:00.225252, 3.96308898925781250000, -0.00062505406094714999
2022-11-17 17:19:00.225252, 4.21092224121093750000, -0.00187516212463378906
2022-11-17 17:19:00.225252, 4.35400390625000000000, -0.00187516212463378906
2022-11-17 17:19:00.225252, 4.55584716796875000000, -0.00230789184570312500
2022-11-17 17:19:00.225252, 4.72192382812500000000, -0.00168283784296363592
2022-11-17 17:19:00.225252, 4.89821624755859375000, -0.00002404054066573735
2022-11-17 17:19:00.225252, 5.04385375976562500000, 0.00081737840082496405
2022-11-17 17:19:00.225252, 5.06940460205078125000, 0.00007212162017822266
2022-11-17 17:19:00.225252, 5.02597045898437500000, 0.00031252703047357500
2022-11-17 17:19:00.233252, 4.90077209472656250000, -0.00050485134124755859
2022-11-17 17:19:00.233953, 4.84456634521484375000, 0.00000000000000000000
2022-11-17 17:19:00.233953, 4.89566802978515625000, -0.00048081082059070468
2022-11-17 17:19:00.234953, 5.00808715820312500000, -0.00125010812189429998
2022-11-17 17:19:00.235947, 5.23036956787109375000, -0.00115394592285156250
2022-11-17 17:19:00.235947, 5.47564697265625000000, -0.00216364860534667969
2022-11-17 17:19:00.235947, 5.40666198730468750000, -0.00127414870075881481
2022-11-17 17:19:00.235947, 5.15627288818359375000, 0.00004808108133147471
2022-11-17 17:19:00.235947, 5.02085876464843750000, 0.00052889192011207342
2022-11-17 17:19:00.235947, 5.14350128173828125000, 0.00060101354029029608
2022-11-17 17:19:00.235947, 5.26358795166015625000, -0.00048081082059070468
2022-11-17 17:19:00.235947, 5.25847625732421875000, -0.00014424324035644531
2022-11-17 17:19:00.235947, 5.20993041992187500000, -0.00144243240356445312
2022-11-17 17:19:00.235947, 5.15882873535156250000, -0.00153859460260719061
2022-11-17 17:19:00.235947, 5.10006713867187500000, -0.00250021624378859997
2022-11-17 17:19:00.235947, 5.10772705078125000000, -0.00209152698516845703
2022-11-17 17:19:00.235947, 4.98253631591796875000, -0.00139435136225074530
2022-11-17 17:19:00.235947, 4.84712219238281250000, -0.00086545944213867188
2022-11-17 17:19:00.244001, 4.70148468017578125000, -0.00132222974207252264
2022-11-17 17:19:00.244001, 4.64016723632812500000, -0.00093758106231689453
2022-11-17 17:19:00.244001, 4.58906555175781250000, -0.00103374326135963202
2022-11-17 17:19:00.244001, 4.59417724609375000000, -0.00115394592285156250
2022-11-17 17:19:00.244001, 4.59673309326171875000, -0.00064909458160400391
2022-11-17 17:19:00.244001, 4.55584716796875000000, -0.00105778384022414684
2022-11-17 17:19:00.244001, 4.19559478759765625000, -0.00132222974207252264
2022-11-17 17:19:00.244001, 3.85578155517578125000, -0.00137031078338623047
2022-11-17 17:19:00.244001, 3.52618408203125000000, -0.00060101354029029608
2022-11-17 17:19:00.244001, 3.44442749023437500000, -0.00055293244076892734
2022-11-17 17:19:00.244001, 3.48019409179687500000, -0.00084141892148181796
2022-11-17 17:19:00.244001, 3.58495330810546875000, -0.00158667564392089844
2022-11-17 17:19:00.252148, 3.62071990966796875000, -0.00194728374481201172
2022-11-17 17:19:00.252148, 3.62071990966796875000, -0.00204344606027007103
2022-11-17 17:19:00.253145, 3.55429077148437500000, -0.00247617578133940697
2022-11-17 17:19:00.253145, 3.45719909667968750000, -0.00088950002100318670
2022-11-17 17:19:00.253699, 3.37544250488281250000, -0.00185112166218459606
2022-11-17 17:19:00.254695, 3.12504577636718750000, -0.00141839194111526012
2022-11-17 17:19:00.254695, 2.93598175048828125000, -0.00134627032093703747
2022-11-17 17:19:00.254695, 2.73668670654296875000, -0.00026444596005603671
2022-11-17 17:19:00.254695, 2.63704681396484375000, -0.00177900004200637341
2022-11-17 17:19:00.254695, 2.55272674560546875000, -0.00189920270349830389
2022-11-17 17:19:00.254695, 2.55017089843750000000, -0.00052889192011207342
2022-11-17 17:19:00.254695, 2.55783843994140625000, -0.00057697296142578125
2022-11-17 17:19:00.254695, 2.57316589355468750000, 0.00014424324035644531
2022-11-17 17:19:00.254695, 2.57061767578125000000, -0.00069717568112537265
2022-11-17 17:19:00.254695, 2.56295013427734375000, -0.00050485134124755859
2022-11-17 17:19:00.254695, 2.56806182861328125000, -0.00057697296142578125
2022-11-17 17:19:00.254695, 2.58338928222656250000, -0.00100970268249511719
2022-11-17 17:19:00.254695, 2.59616088867187500000, -0.00086545944213867188
2022-11-17 17:19:00.262749, 2.61660766601562500000, -0.00043272972106933594
2022-11-17 17:19:00.262749, 2.63449096679687500000, -0.00069717568112537265
2022-11-17 17:19:00.262749, 2.66770172119140625000, -0.00168283784296363592
2022-11-17 17:19:00.262749, 2.63960266113281250000, -0.00088950002100318670
2022-11-17 17:19:00.262749, 2.50673675537109375000, -0.00086545944213867188
2022-11-17 17:19:00.262749, 2.43519592285156250000, -0.00108182430267333984
2022-11-17 17:19:00.262749, 2.35343933105468750000, 0.00019232432532589883
2022-11-17 17:19:00.262749, 2.30489349365234375000, -0.00004808108133147471
2022-11-17 17:19:00.262749, 2.26912689208984375000, -0.00028848648071289062
2022-11-17 17:19:00.262749, 2.26912689208984375000, -0.00067313516046851873
2022-11-17 17:19:00.262749, 2.29978179931640625000, -0.00064909458160400391
2022-11-17 17:19:00.262749, 2.25634765625000000000, -0.00028848648071289062
2022-11-17 17:19:00.270748, 2.14137268066406250000, -0.00108182430267333984
2022-11-17 17:19:00.270748, 2.06217193603515625000, -0.00168283784296363592
2022-11-17 17:19:00.270748, 2.06472778320312500000, -0.00112990546040236950
2022-11-17 17:19:00.270748, 2.04683685302734375000, -0.00139435136225074530
2022-11-17 17:19:00.270748, 2.03917694091796875000, 0.00009616216266294941
2022-11-17 17:19:00.270748, 2.05706024169921875000, 0.00021636486053466797
2022-11-17 17:19:00.270748, 2.05961608886718750000, -0.00040868920041248202
2022-11-17 17:19:00.270748, 1.93697357177734375000, 0.00033656758023425937
2022-11-17 17:19:00.270748, 1.80922698974609375000, -0.00040868920041248202
2022-11-17 17:19:00.270748, 1.65336608886718750000, 0.00000000000000000000
2022-11-17 17:19:00.270748, 1.60227203369140625000, -0.00057697296142578125
2022-11-17 17:19:00.270748, 1.63037109375000000000, -0.00045677027083002031
2022-11-17 17:19:00.270748, 1.72490692138671875000, -0.00076929730130359530
2022-11-17 17:19:00.270748, 2.03150939941406250000, -0.00074525678064674139
2022-11-17 17:19:00.278749, 2.30489349365234375000, -0.00072121620178222656
2022-11-17 17:19:00.278749, 2.61660766601562500000, 0.00019232432532589883
2022-11-17 17:19:00.278749, 3.04328918457031250000, -0.00036060810089111328
2022-11-17 17:19:00.278749, 3.22469329833984375000, -0.00060101354029029608
2022-11-17 17:19:00.278749, 3.43164825439453125000, -0.00112990546040236950
2022-11-17 17:19:00.278749, 3.60794830322265625000, 0.00019232432532589883
2022-11-17 17:19:00.278749, 3.85578155517578125000, -0.00079333782196044922
2022-11-17 17:19:00.278749, 3.95542144775390625000, -0.00081737840082496405
2022-11-17 17:19:00.278749, 3.97841644287109375000, -0.00048081082059070468
2022-11-17 17:19:00.278749, 3.98608398437500000000, -0.00139435136225074530
2022-11-17 17:19:00.278749, 4.04485321044921875000, 0.00002404054066573735
2022-11-17 17:19:00.278749, 3.95287322998046875000, -0.00067313516046851873
2022-11-17 17:19:00.286748, 3.73569488525390625000, 0.00024040541029535234
2022-11-17 17:19:00.286748, 3.64627075195312500000, 0.00024040541029535234
2022-11-17 17:19:00.286748, 3.52362823486328125000, -0.00021636486053466797
2022-11-17 17:19:00.286748, 3.43931579589843750000, 0.00081737840082496405
2022-11-17 17:19:00.286748, 3.34477996826171875000, -0.00055293244076892734
2022-11-17 17:19:00.286748, 3.27835083007812500000, -0.00036060810089111328
2022-11-17 17:19:00.286748, 3.19148254394531250000, 0.00043272972106933594
2022-11-17 17:19:00.286748, 2.87976837158203125000, 0.00052889192011207342
2022-11-17 17:19:00.286748, 2.73413085937500000000, -0.00033656758023425937
2022-11-17 17:19:00.286748, 2.58850097656250000000, -0.00043272972106933594
2022-11-17 17:19:00.286748, 2.44030761718750000000, -0.00040868920041248202
2022-11-17 17:19:00.286748, 2.20524597167968750000, -0.00052889192011207342
2022-11-17 17:19:00.286748, 2.02895355224609375000, 0.00069717568112537265
2022-11-17 17:19:00.294749, 1.81688690185546875000, 0.00028848648071289062
2022-11-17 17:19:00.294749, 1.75556945800781250000, -0.00021636486053466797
2022-11-17 17:19:00.294749, 1.85521697998046875000, 0.00031252703047357500
2022-11-17 17:19:00.294749, 1.95996856689453125000, -0.00004808108133147471
2022-11-17 17:19:00.294749, 1.87565612792968750000, -0.00007212162017822266
2022-11-17 17:19:00.294749, 1.81178283691406250000, -0.00086545944213867188
2022-11-17 17:19:00.294749, 1.85266113281250000000, -0.00074525678064674139
2022-11-17 17:19:00.294749, 1.74790191650390625000, 0.00038464865065179765
2022-11-17 17:19:00.294749, 1.55628204345703125000, 0.00024040541029535234
2022-11-17 17:19:00.294749, 1.36465454101562500000, 0.00064909458160400391
2022-11-17 17:19:00.294749, 1.29055786132812500000, -0.00004808108133147471
2022-11-17 17:19:00.294749, 1.28800201416015625000, -0.00057697296142578125
2022-11-17 17:19:00.294749, 1.34677124023437500000, 0.00033656758023425937
2022-11-17 17:19:00.302748, 1.41064453125000000000, -0.00052889192011207342
2022-11-17 17:19:00.302748, 1.42852783203125000000, -0.00062505406094714999
2022-11-17 17:19:00.302748, 1.55883789062500000000, -0.00098566222004592419
2022-11-17 17:19:00.302748, 1.71724700927734375000, -0.00048081082059070468
2022-11-17 17:19:00.302748, 1.94975280761718750000, -0.00067313516046851873
2022-11-17 17:19:00.302748, 2.13115692138671875000, -0.00156263518147170544
2022-11-17 17:19:00.302748, 2.45564270019531250000, -0.00086545944213867188
2022-11-17 17:19:00.302748, 2.64981842041015625000, 0.00002404054066573735
2022-11-17 17:19:00.302748, 2.85932922363281250000, -0.00038464865065179765
2022-11-17 17:19:00.302748, 3.21192169189453125000, -0.00060101354029029608
2022-11-17 17:19:00.302748, 3.44187164306640625000, -0.00052889192011207342
2022-11-17 17:19:00.302748, 3.81234741210937500000, -0.00182708108332008123
2022-11-17 17:19:00.310748, 4.06529235839843750000, -0.00019232432532589883
2022-11-17 17:19:00.310748, 4.34889221191406250000, -0.00072121620178222656
2022-11-17 17:19:00.310748, 4.43321228027343750000, -0.00057697296142578125
2022-11-17 17:19:00.310748, 4.43831634521484375000, 0.00021636486053466797
2022-11-17 17:19:00.310748, 4.46897888183593750000, -0.00002404054066573735
2022-11-17 17:19:00.310748, 4.54051971435546875000, 0.00012020270514767617
2022-11-17 17:19:00.310748, 4.55584716796875000000, 0.00045677027083002031
2022-11-17 17:19:00.310748, 4.52774810791015625000, 0.00004808108133147471
2022-11-17 17:19:00.310748, 4.39999389648437500000, -0.00062505406094714999
2022-11-17 17:19:00.310748, 4.09850311279296875000, -0.00088950002100318670
2022-11-17 17:19:00.310748, 3.98097229003906250000, -0.00040868920041248202
2022-11-17 17:19:00.310748, 4.06018066406250000000, -0.00038464865065179765
2022-11-17 17:19:00.310748, 4.21858978271484375000, 0.00002404054066573735
2022-11-17 17:19:00.310748, 4.40766143798828125000, -0.00019232432532589883
2022-11-17 17:19:00.318748, 4.70148468017578125000, 0.00069717568112537265
2022-11-17 17:19:00.318748, 4.79857635498046875000, 0.00646690558642148972
2022-11-17 17:19:00.318748, 4.56351470947265625000, 0.01418391894549131393
2022-11-17 17:19:00.318748, 4.24669647216796875000, 0.01202027034014463425
2022-11-17 17:19:00.318748, 3.89921569824218750000, 0.02255002781748771667
2022-11-17 17:19:00.318748, 3.71525573730468750000, 0.02014597319066524506
2022-11-17 17:19:00.318748, 3.43675994873046875000, 0.01894394680857658386
2022-11-17 17:19:00.318748, 3.26557159423828125000, 0.01586675643920898438
2022-11-17 17:19:00.318748, 3.01007080078125000000, 0.00932773016393184662
2022-11-17 17:19:00.318748, 2.87976837158203125000, 0.00781317614018917084
2022-11-17 17:19:00.318748, 2.75457763671875000000, 0.00524083804339170456
2022-11-17 17:19:00.318748, 2.73158264160156250000, 0.00442345952615141869
2022-11-17 17:19:00.326753, 2.72391510009765625000, 0.00247617578133940697
2022-11-17 17:19:00.330205, 2.71880340576171875000, 0.00225981092080473900
2022-11-17 17:19:00.331202, 2.71113586425781250000, 0.00052889192011207342
2022-11-17 17:19:00.331202, 2.67792510986328125000, 0.00067313516046851873
2022-11-17 17:19:00.334803, 2.63960266113281250000, -0.00170687842182815075
2022-11-17 17:19:00.335798, 2.58850097656250000000, -0.00182708108332008123
2022-11-17 17:19:00.336668, 2.57061767578125000000, -0.00180304050445556641
2022-11-17 17:19:00.336668, 2.55528259277343750000, -0.00238001346588134766
2022-11-17 17:19:00.338440, 2.50163269042968750000, -0.00139435136225074530
2022-11-17 17:19:00.338440, 2.37643432617187500000, -0.00194728374481201172
2022-11-17 17:19:00.339436, 2.30744934082031250000, -0.00206748652271926403
2022-11-17 17:19:00.340833, 2.23335266113281250000, -0.00177900004200637341
2022-11-17 17:19:00.340833, 2.22313690185546875000, -0.00218768930062651634
2022-11-17 17:19:00.341830, 2.21802520751953125000, -0.00259637832641601562
2022-11-17 17:19:00.342668, 2.22058105468750000000, -0.00158667564392089844
2022-11-17 17:19:00.342668, 2.22058105468750000000, -0.00173091888427734375
2022-11-17 17:19:00.343732, 2.21802520751953125000, -0.00110586488153785467
2022-11-17 17:19:00.344729, 2.21802520751953125000, -0.00067313516046851873
2022-11-17 17:19:00.344729, 2.20780181884765625000, -0.00069717568112537265
2022-11-17 17:19:00.344729, 2.18991851806640625000, -0.00004808108133147471
2022-11-17 17:19:00.344729, 2.18736267089843750000, -0.00201940536499023438
2022-11-17 17:19:00.344729, 2.20780181884765625000, -0.00177900004200637341
2022-11-17 17:19:00.344729, 2.23590850830078125000, -0.00163475680164992809
2022-11-17 17:19:00.344729, 2.24613189697265625000, -0.00204344606027007103
2022-11-17 17:19:00.344729, 2.27934265136718750000, -0.00283678388223052025
2022-11-17 17:19:00.344729, 2.33300018310546875000, -0.00201940536499023438
2022-11-17 17:19:00.344729, 2.45053100585937500000, -0.00230789184570312500
2022-11-17 17:19:00.344729, 2.58594512939453125000, -0.00247617578133940697
2022-11-17 17:19:00.344729, 2.79545593261718750000, -0.00293294596485793591
2022-11-17 17:19:00.344729, 2.92064666748046875000, -0.00233193254098296165
2022-11-17 17:19:00.353640, 3.13271331787109375000, -0.00161071622278541327
2022-11-17 17:19:00.353640, 3.24257659912109375000, -0.00209152698516845703
2022-11-17 17:19:00.353640, 3.38565826416015625000, -0.00192324328236281872
2022-11-17 17:19:00.353640, 3.49807739257812500000, -0.00175495946314185858
2022-11-17 17:19:00.353640, 3.60283660888671875000, -0.00132222974207252264
2022-11-17 17:19:00.353640, 3.78935241699218750000, -0.00127414870075881481
2022-11-17 17:19:00.353640, 3.88133239746093750000, 0.00021636486053466797
2022-11-17 17:19:00.353640, 3.93242645263671875000, -0.00021636486053466797
2022-11-17 17:19:00.353640, 3.99630737304687500000, -0.00057697296142578125
2022-11-17 17:19:00.353640, 4.12916564941406250000, 0.00074525678064674139
2022-11-17 17:19:00.361641, 4.20836639404296875000, -0.00177900004200637341
2022-11-17 17:19:00.361641, 4.35911560058593750000, -0.00411093235015869141
2022-11-17 17:19:00.361641, 4.41021728515625000000, -0.00242809462361037731
2022-11-17 17:19:00.361641, 4.40254974365234375000, -0.00262041902169585228
2022-11-17 17:19:00.361641, 4.40510559082031250000, -0.00187516212463378906
2022-11-17 17:19:00.361641, 4.38211059570312500000, -0.00168283784296363592
2022-11-17 17:19:00.361641, 4.33356475830078125000, -0.00173091888427734375
2022-11-17 17:19:00.361641, 4.31056976318359375000, -0.00127414870075881481
2022-11-17 17:19:00.361641, 4.34633636474609375000, -0.00182708108332008123
2022-11-17 17:19:00.361641, 4.37188720703125000000, -0.00112990546040236950
2022-11-17 17:19:00.369642, 4.33612060546875000000, -0.00096162164118140936
2022-11-17 17:19:00.369865, 4.27224731445312500000, -0.00108182430267333984
2022-11-17 17:19:00.370862, 4.23647308349609375000, 0.00028848648071289062
2022-11-17 17:19:00.370862, 4.18537139892578125000, -0.00206748652271926403
2022-11-17 17:19:00.371860, 4.07295227050781250000, 0.00014424324035644531
2022-11-17 17:19:00.371860, 3.97075653076171875000, -0.00019232432532589883
2022-11-17 17:19:00.371860, 3.70758819580078125000, 0.00086545944213867188
2022-11-17 17:19:00.373353, 3.43420410156250000000, 0.00081737840082496405
2022-11-17 17:19:00.373353, 2.74946594238281250000, 0.00048081082059070468
2022-11-17 17:19:00.373353, 2.31000518798828125000, 0.00086545944213867188
2022-11-17 17:19:00.373353, 1.90120697021484375000, 0.00074525678064674139
2022-11-17 17:19:00.373353, 1.71213531494140625000, -0.00004808108133147471
2022-11-17 17:19:00.373353, 1.61759948730468750000, -0.00004808108133147471
2022-11-17 17:19:00.373353, 1.63037109375000000000, 0.00000000000000000000
2022-11-17 17:19:00.373353, 1.58183288574218750000, -0.00093758106231689453
2022-11-17 17:19:00.373353, 1.43875122070312500000, -0.00045677027083002031
2022-11-17 17:19:00.373353, 1.34932708740234375000, -0.00014424324035644531
2022-11-17 17:19:00.373353, 1.16536712646484375000, 0.00007212162017822266
2022-11-17 17:19:00.373353, 1.02484130859375000000, -0.00069717568112537265
2022-11-17 17:19:00.373353, 0.92774963378906250000, -0.00076929730130359530
2022-11-17 17:19:00.381380, 0.93797302246093750000, 0.00009616216266294941
2022-11-17 17:19:00.381380, 1.00184631347656250000, -0.00009616216266294941
2022-11-17 17:19:00.381380, 1.06827545166015625000, -0.00151455402374267578
2022-11-17 17:19:00.381380, 1.20113372802734375000, -0.00096162164118140936
2022-11-17 17:19:00.381380, 1.28800201416015625000, -0.00055293244076892734
2022-11-17 17:19:00.381380, 1.37742614746093750000, -0.00057697296142578125
2022-11-17 17:19:00.381380, 1.43875122070312500000, -0.00074525678064674139
2022-11-17 17:19:00.381380, 1.60482788085937500000, 0.00009616216266294941
2022-11-17 17:19:00.381380, 1.70957946777343750000, 0.00002404054066573735
2022-11-17 17:19:00.381380, 1.84499359130859375000, -0.00009616216266294941
2022-11-17 17:19:00.381380, 1.96763610839843750000, -0.00019232432532589883
2022-11-17 17:19:00.381380, 2.08261108398437500000, -0.00021636486053466797
2022-11-17 17:19:00.413378, 2.30744934082031250000, -0.00028848648071289062
2022-11-17 17:19:00.413378, 2.49652099609375000000, 0.00026444596005603671
2022-11-17 17:19:00.413378, 2.77501678466796875000, 0.00084141892148181796
2022-11-17 17:19:00.413378, 2.98452758789062500000, 0.00064909458160400391
2022-11-17 17:19:00.413378, 3.27579498291015625000, 0.00086545944213867188
2022-11-17 17:19:00.413378, 3.44698333740234375000, 0.00093758106231689453
2022-11-17 17:19:00.413378, 3.72802734375000000000, 0.00242809462361037731
2022-11-17 17:19:00.413378, 3.89410400390625000000, 0.00257233786396682262
2022-11-17 17:19:00.478621, 4.15982818603515625000, 0.00355800008401274681
2022-11-17 17:19:00.478621, 4.32334136962890625000, 0.00411093235015869141
2022-11-17 17:19:00.545245, 4.51752471923828125000, 0.00435133790597319603
2022-11-17 17:19:00.553246, 4.68360137939453125000, 0.00435133790597319603
2022-11-17 17:19:00.651763, 5.01319122314453125000, 0.00514467572793364525
2022-11-17 17:19:00.651763, 5.28147125244140625000, 0.00485618924722075462
2022-11-17 17:19:00.749013, 5.61361694335937500000, 0.00521679734811186790
2022-11-17 17:19:00.749013, 6.15272521972656250000, 0.00514467572793364525
2022-11-17 17:19:00.847457, 6.50531768798828125000, 0.00391860818490386009
2022-11-17 17:19:00.847457, 7.04697418212890625000, 0.00350991892628371716
2022-11-17 17:19:00.957233, 7.41489410400390625000, 0.00456770276650786400
2022-11-17 17:19:00.957233, 7.99232482910156250000, 0.00521679734811186790
2022-11-17 17:19:01.055326, 8.36791229248046875000, 0.00615437841042876244
2022-11-17 17:19:01.055326, 8.89424133300781250000, 0.00620245933532714844
2022-11-17 17:19:01.152875, 9.18806457519531250000, 0.00603417586535215378
2022-11-17 17:19:01.153093, 9.50232696533203125000, 0.00704387854784727097
2022-11-17 17:19:01.257224, 9.66073608398437500000, 0.00764489173889160156
2022-11-17 17:19:01.257224, 9.87280273437500000000, 0.00826994609087705612
2022-11-17 17:19:01.351496, 10.02099609375000000000, 0.00896712206304073334
2022-11-17 17:19:01.351496, 10.15641021728515625000, 0.00889500044286251068
2022-11-17 17:19:01.452242, 10.18196105957031250000, 0.01158754061907529831
2022-11-17 17:19:01.452242, 10.00566101074218750000, 0.01204431056976318359
2022-11-17 17:19:01.557849, 9.55087280273437500000, 0.01165966223925352097
2022-11-17 17:19:01.557849, 9.15229797363281250000, 0.01221259497106075287
2022-11-17 17:19:01.654747, 8.39346313476562500000, 0.01177986524999141693
2022-11-17 17:19:01.654747, 7.84413146972656250000, 0.01168370246887207031
2022-11-17 17:19:01.755340, 7.06996917724609375000, 0.01211643218994140625
2022-11-17 17:19:01.755340, 6.56152343750000000000, 0.01230875682085752487
2022-11-17 17:19:01.857248, 5.80780029296875000000, 0.01007298659533262253
2022-11-17 17:19:01.857248, 5.33512115478515625000, 0.00937581062316894531
2022-11-17 17:19:01.948830, 4.71681213378906250000, 0.00879883766174316406
2022-11-17 17:19:01.948830, 4.42298889160156250000, 0.00807762145996093750
2022-11-17 17:19:02.051397, 4.11128234863281250000, 0.00817378424108028412
2022-11-17 17:19:02.051397, 3.96564483642578125000, 0.00759681081399321556
2022-11-17 17:19:02.150887, 3.89921569824218750000, 0.00677943229675292969
2022-11-17 17:19:02.150887, 3.92987823486328125000, 0.00656306743621826172
2022-11-17 17:19:02.248984, 3.93753814697265625000, 0.00658710813149809837
2022-11-17 17:19:02.248984, 3.93753814697265625000, 0.00601013517007231712
2022-11-17 17:19:02.357187, 3.93753814697265625000, 0.00738044595345854759
2022-11-17 17:19:02.357187, 3.92221069335937500000, 0.00622650003060698509
2022-11-17 17:19:02.472957, 3.89410400390625000000, 0.00423113536089658737
2022-11-17 17:19:02.472957, 3.74336242675781250000, 0.00471194600686430931
2022-11-17 17:19:02.555628, 3.62583160400390625000, 0.00601013517007231712
2022-11-17 17:19:02.556623, 3.49041748046875000000, 0.00439941883087158203
2022-11-17 17:19:02.650672, 3.40099334716796875000, 0.00576972961425781250
2022-11-17 17:19:02.650672, 3.36777496337890625000, 0.00552932452410459518
2022-11-17 17:19:02.764347, 3.40354156494140625000, 0.00538508128374814987
2022-11-17 17:19:02.764347, 3.44187164306640625000, 0.00454366207122802734
2022-11-17 17:19:02.854815, 3.44698333740234375000, 0.00507255410775542259
2022-11-17 17:19:02.854815, 3.44698333740234375000, 0.00466386508196592331
2022-11-17 17:19:02.952344, 3.44442749023437500000, 0.00425517559051513672
2022-11-17 17:19:02.952344, 3.43675994873046875000, 0.00367820262908935547
2022-11-17 17:19:03.057343, 3.35244750976562500000, 0.00430325698107481003
2022-11-17 17:19:03.057343, 3.24257659912109375000, 0.00399072980508208275
2022-11-17 17:19:03.170772, 3.09950256347656250000, 0.00334163522347807884
2022-11-17 17:19:03.170772, 3.05351257324218750000, 0.00348587846383452415
2022-11-17 17:19:03.259021, 3.18637084960937500000, 0.00314931082539260387
2022-11-17 17:19:03.259021, 3.48786163330078125000, 0.00259637832641601562
2022-11-17 17:19:03.357363, 4.09850311279296875000, 0.00365416216664016247
2022-11-17 17:19:03.357363, 4.53796386718750000000, 0.00427921628579497337
2022-11-17 17:19:03.454249, 5.29424285888671875000, 0.00399072980508208275
2022-11-17 17:19:03.454249, 5.82568359375000000000, 0.00317335128784179688
2022-11-17 17:19:03.549751, 6.61262512207031250000, 0.00189920270349830389
2022-11-17 17:19:03.553705, 7.15428161621093750000, 0.00283678388223052025
2022-11-17 17:19:03.657646, 8.06897735595703125000, 0.00360608100891113281
2022-11-17 17:19:03.657646, 8.72816467285156250000, 0.00283678388223052025
2022-11-17 17:19:03.754660, 9.75016784667968750000, 0.00406285142526030540
2022-11-17 17:19:03.754660, 10.46811676025390625000, 0.00350991892628371716
2022-11-17 17:19:03.862235, 11.41602325439453125000, 0.00288486480712890625
2022-11-17 17:19:03.862235, 11.97557067871093750000, 0.00348587846383452415
2022-11-17 17:19:03.958731, 12.58876800537109375000, 0.00310122966766357422
2022-11-17 17:19:03.958731, 13.58777618408203125000, 0.00245213508605957031
2022-11-17 17:19:04.047889, 14.31083679199218750000, 0.00259637832641601562
2022-11-17 17:19:04.055848, 15.35072326660156250000, 0.00324547290802001953
2022-11-17 17:19:04.149141, 15.93326568603515625000, 0.00194728374481201172
2022-11-17 17:19:04.149141, 16.75852966308593750000, 0.00185112166218459606
2022-11-17 17:19:04.257401, 17.27975082397460937500, 0.00223577022552490234
2022-11-17 17:19:04.257401, 17.73709487915039062500, 0.00204344606027007103
2022-11-17 17:19:04.352744, 17.70898818969726562500, 0.00110586488153785467
2022-11-17 17:19:04.352744, 17.31296539306640625000, 0.00105778384022414684
2022-11-17 17:19:04.451209, 17.02169418334960937500, 0.00076929730130359530
2022-11-17 17:19:04.451209, 16.63844299316406250000, 0.00206748652271926403
2022-11-17 17:19:04.565728, 16.39571762084960937500, 0.00180304050445556641
2022-11-17 17:19:04.566755, 15.98180770874023437500, 0.00062505406094714999
2022-11-17 17:19:04.654802, 15.79018402099609375000, 0.00204344606027007103
2022-11-17 17:19:04.654802, 15.73653030395507812500, 0.00187516212463378906
2022-11-17 17:19:04.752314, 15.85661315917968750000, 0.00120202708058059216
2022-11-17 17:19:04.753310, 15.84383773803710937500, 0.00127414870075881481
2022-11-17 17:19:04.857402, 15.49380493164062500000, 0.00093758106231689453
2022-11-17 17:19:04.857402, 15.13099670410156250000, 0.00115394592285156250
2022-11-17 17:19:04.954860, 14.30828094482421875000, 0.00067313516046851873
2022-11-17 17:19:04.954860, 13.54689788818359375000, 0.00074525678064674139
2022-11-17 17:19:05.046999, 12.05988311767578125000, 0.00117798650171607733
2022-11-17 17:19:05.046999, 10.82837677001953125000, 0.00173091888427734375
2022-11-17 17:19:05.189910, 9.12930297851562500000, 0.00192324328236281872
2022-11-17 17:19:05.189910, 8.32447814941406250000, 0.00281274318695068359
2022-11-17 17:19:05.255433, 7.34846496582031250000, 0.00139435136225074530
2022-11-17 17:19:05.255433, 6.77359008789062500000, 0.00182708108332008123
2022-11-17 17:19:05.349050, 6.01731109619140625000, 0.00163475680164992809
2022-11-17 17:19:05.349050, 5.48331451416015625000, 0.00213960814289748669
2022-11-17 17:19:05.450939, 4.93654632568359375000, 0.00139435136225074530
2022-11-17 17:19:05.450939, 4.16237640380859375000, 0.00197132444009184837
2022-11-17 17:19:05.554896, 3.71014404296875000000, 0.00182708108332008123
2022-11-17 17:19:05.554896, 3.13526916503906250000, 0.00168283784296363592
2022-11-17 17:19:05.648552, 2.84655761718750000000, 0.00168283784296363592
2022-11-17 17:19:05.648552, 2.50929260253906250000, 0.00120202708058059216
2022-11-17 17:19:05.756276, 2.30489349365234375000, 0.00122606754302978516
2022-11-17 17:19:05.756276, 2.04173278808593750000, 0.00221172976307570934
2022-11-17 17:19:05.865903, 1.90631103515625000000, 0.00194728374481201172
2022-11-17 17:19:05.866898, 1.74024200439453125000, 0.00139435136225074530
2022-11-17 17:19:05.956695, 1.64570617675781250000, 0.00199536490254104137
2022-11-17 17:19:05.956695, 1.54861450195312500000, 0.00153859460260719061
2022-11-17 17:19:06.057242, 1.52817535400390625000, 0.00153859460260719061
2022-11-17 17:19:06.058139, 1.54350280761718750000, 0.00158667564392089844
2022-11-17 17:19:06.154927, 1.55117034912109375000, 0.00141839194111526012
2022-11-17 17:19:06.154927, 1.54605865478515625000, 0.00139435136225074530
2022-11-17 17:19:06.252488, 1.54350280761718750000, 0.00117798650171607733
2022-11-17 17:19:06.252488, 1.52817535400390625000, 0.00129818916320800781
2022-11-17 17:19:06.357576, 1.46430206298828125000, 0.00088950002100318670
2022-11-17 17:19:06.357576, 1.43363952636718750000, 0.00137031078338623047
2022-11-17 17:19:06.454893, 1.37232208251953125000, 0.00091354054166004062
2022-11-17 17:19:06.454893, 1.29055786132812500000, 0.00132222974207252264
2022-11-17 17:19:06.548031, 1.15258789062500000000, 0.00189920270349830389
2022-11-17 17:19:06.548031, 1.13981628417968750000, 0.00086545944213867188
2022-11-17 17:19:06.657417, 1.63037109375000000000, 0.00221172976307570934
2022-11-17 17:19:06.657417, 2.41475677490234375000, 0.00206748652271926403
2022-11-17 17:19:06.753416, 3.51341247558593750000, 0.00204344606027007103
2022-11-17 17:19:06.753416, 3.95287322998046875000, 0.00233193254098296165
2022-11-17 17:19:06.848386, 4.55074310302734375000, 0.00302910804748535156
2022-11-17 17:19:06.848386, 4.96465301513671875000, 0.00274062156677246094
2022-11-17 17:19:06.957181, 5.68004608154296875000, 0.00257233786396682262
2022-11-17 17:19:06.957181, 6.19615936279296875000, 0.00240405416116118431
2022-11-17 17:19:07.052696, 6.68416595458984375000, 0.00182708108332008123
2022-11-17 17:19:07.052696, 7.41489410400390625000, 0.00156263518147170544
2022-11-17 17:19:07.149827, 7.90034484863281250000, 0.00100970268249511719
2022-11-17 17:19:07.149827, 8.62085723876953125000, 0.00168283784296363592
2022-11-17 17:19:07.255536, 9.15484619140625000000, 0.00139435136225074530
2022-11-17 17:19:07.255536, 10.12319183349609375000, 0.00235597300343215466
2022-11-17 17:19:07.355369, 10.86414337158203125000, 0.00103374326135963202
2022-11-17 17:19:07.356694, 12.22851562500000000000, 0.00161071622278541327
2022-11-17 17:19:07.450619, 13.53411865234375000000, 0.00165879726409912109
2022-11-17 17:19:07.450619, 15.74930572509765625000, 0.00235597300343215466
2022-11-17 17:19:07.571749, 16.93482589721679687500, 0.00286082434467971325
2022-11-17 17:19:07.571749, 18.14844894409179687500, 0.00317335128784179688
2022-11-17 17:19:07.654978, 18.67733383178710937500, 0.00230789184570312500
2022-11-17 17:19:07.655976, 19.16789245605468750000, 0.00228385138325393200
2022-11-17 17:19:07.758746, 19.28286743164062500000, 0.00199536490254104137
2022-11-17 17:19:07.758746, 19.24709701538085937500, 0.00187516212463378906
2022-11-17 17:19:07.852575, 19.11679458618164062500, 0.00252425670623779297
2022-11-17 17:19:07.852575, 19.03759002685546875000, 0.00213960814289748669
2022-11-17 17:19:07.961074, 18.88684463500976562500, 0.00168283784296363592
2022-11-17 17:19:07.961074, 18.78719711303710937500, 0.00185112166218459606
2022-11-17 17:19:08.052408, 18.61856842041015625000, 0.00110586488153785467
2022-11-17 17:19:08.052408, 18.58790969848632812500, 0.00158667564392089844
2022-11-17 17:19:08.157510, 18.56491470336914062500, 0.00182708108332008123
2022-11-17 17:19:08.157510, 18.54447555541992187500, 0.00161071622278541327
2022-11-17 17:19:08.277264, 18.54447555541992187500, 0.00117798650171607733
2022-11-17 17:19:08.277264, 18.47293472290039062500, 0.00112990546040236950
2022-11-17 17:19:08.352120, 18.23276519775390625000, 0.00156263518147170544
2022-11-17 17:19:08.352120, 17.95682525634765625000, 0.00233193254098296165
2022-11-17 17:19:08.457501, 17.59401321411132812500, 0.00204344606027007103
2022-11-17 17:19:08.457501, 17.39727783203125000000, 0.00211556768044829369
2022-11-17 17:19:08.555422, 17.27719497680664062500, 0.00182708108332008123
2022-11-17 17:19:08.555422, 17.29763412475585937500, 0.00079333782196044922
2022-11-17 17:19:08.649668, 17.24398040771484375000, 0.00098566222004592419
2022-11-17 17:19:08.653626, 17.14433288574218750000, 0.00115394592285156250
2022-11-17 17:19:08.755039, 17.09834289550781250000, 0.00151455402374267578
2022-11-17 17:19:08.755039, 17.00125503540039062500, 0.00144243240356445312
2022-11-17 17:19:08.852465, 16.83773422241210937500, 0.00180304050445556641
2022-11-17 17:19:08.852465, 15.41970825195312500000, 0.00257233786396682262
2022-11-17 17:19:08.951780, 13.97869110107421875000, 0.00269254064187407494
2022-11-17 17:19:08.951780, 12.11098480224609375000, 0.00245213508605957031
2022-11-17 17:19:09.052347, 10.87436676025390625000, 0.00199536490254104137
2022-11-17 17:19:09.052347, 9.28771209716796875000, 0.00182708108332008123
2022-11-17 17:19:09.149232, 8.44711303710937500000, 0.00165879726409912109
2022-11-17 17:19:09.149232, 7.38934326171875000000, 0.00209152698516845703
2022-11-17 17:19:09.249610, 6.79914093017578125000, 0.00180304050445556641
2022-11-17 17:19:09.249610, 6.01731109619140625000, 0.00201940536499023438
2022-11-17 17:19:09.357424, 5.49864196777343750000, 0.00228385138325393200
2022-11-17 17:19:09.357424, 4.96975708007812500000, 0.00288486480712890625
2022-11-17 17:19:09.454831, 4.23647308349609375000, 0.00238001346588134766
2022-11-17 17:19:09.454831, 3.82256317138671875000, 0.00266849994659423828
2022-11-17 17:19:09.566118, 3.30900573730468750000, 0.00271658110432326794
2022-11-17 17:19:09.566118, 3.03306579589843750000, 0.00238001346588134766
2022-11-17 17:19:09.657535, 2.71113586425781250000, 0.00238001346588134766
2022-11-17 17:19:09.657535, 2.48629760742187500000, 0.00295698642730712891
2022-11-17 17:19:09.755005, 2.10305023193359375000, 0.00158667564392089844
2022-11-17 17:19:09.755005, 1.83732604980468750000, 0.00108182430267333984
2022-11-17 17:19:09.852718, 1.40808868408203125000, 0.00127414870075881481
2022-11-17 17:19:09.852718, 1.15514373779296875000, 0.00192324328236281872
2022-11-17 17:19:09.957543, 0.85109710693359375000, 0.00108182430267333984
2022-11-17 17:19:09.957543, 0.68757629394531250000, 0.00209152698516845703
2022-11-17 17:19:10.048444, 0.50872802734375000000, 0.00120202708058059216
